{
    "metrics": {
        "data_sent": {
            "count": 17856644,
            "rate": 1785582.7631560685
        },
        "http_req_failed": {
            "passes": 0,
            "fails": 241306,
            "value": 0
        },
        "http_req_sending": {
            "p(95)": 0,
            "p(99)": 0,
            "avg": 0.005143025453159053,
            "min": 0,
            "med": 0,
            "max": 10.2955,
            "p(90)": 0
        },
        "http_req_connecting": {
            "max": 0.5331,
            "p(90)": 0,
            "p(95)": 0,
            "p(99)": 0,
            "avg": 0.000022092281169966766,
            "min": 0,
            "med": 0
        },
        "http_req_receiving": {
            "p(99)": 0.5259,
            "avg": 0.01878149776632169,
            "min": 0,
            "med": 0,
            "max": 10.6746,
            "p(90)": 0,
            "p(95)": 0
        },
        "http_req_duration{expected_response:true}": {
            "max": 10.8833,
            "p(90)": 1.0062,
            "p(95)": 1.9365,
            "p(99)": 4.640155000000034,
            "avg": 0.39040336875169,
            "min": 0,
            "med": 0
        },
        "vus_max": {
            "value": 10,
            "min": 10,
            "max": 10
        },
        "http_req_blocked": {
            "min": 0,
            "med": 0,
            "max": 8.6602,
            "p(90)": 0,
            "p(95)": 0,
            "p(99)": 0,
            "avg": 0.0015969818404846957
        },
        "http_req_tls_handshaking": {
            "p(95)": 0,
            "p(99)": 0,
            "avg": 0,
            "min": 0,
            "med": 0,
            "max": 0,
            "p(90)": 0
        },
        "iterations": {
            "count": 241306,
            "rate": 24129.496799406334
        },
        "iteration_duration": {
            "p(95)": 2.0057,
            "p(99)": 4.769975000000006,
            "avg": 0.4098337065800095,
            "min": 0,
            "med": 0,
            "max": 10.8833,
            "p(90)": 1.0101
        },
        "http_reqs": {
            "count": 241306,
            "rate": 24129.496799406334
        },
        "http_req_waiting": {
            "p(95)": 1.6957,
            "p(99)": 4.475,
            "avg": 0.3664788455322099,
            "min": 0,
            "med": 0,
            "max": 10.2955,
            "p(90)": 1.0015
        },
        "data_received": {
            "count": 55500380,
            "rate": 5549784.263863456
        },
        "vus": {
            "value": 10,
            "min": 10,
            "max": 10
        },
        "http_req_duration": {
            "p(99)": 4.640155000000034,
            "avg": 0.39040336875169,
            "min": 0,
            "med": 0,
            "max": 10.8833,
            "p(90)": 1.0062,
            "p(95)": 1.9365
        }
    },
    "root_group": {
        "groups": {},
        "checks": {},
        "name": "",
        "path": "",
        "id": "d41d8cd98f00b204e9800998ecf8427e"
    }
}